Club,Club Logo
1. FC Heidenheim 1846,https://cdn.sofifa.net/teams/111235/30.png
1. FC Kaiserslautern,https://cdn.sofifa.net/teams/29/30.png
1. FC Köln,https://cdn.sofifa.net/teams/31/30.png
1. FC Magdeburg,https://cdn.sofifa.net/teams/110588/30.png
1. FC Nürnberg,https://cdn.sofifa.net/teams/171/30.png
1. FC Saarbrücken,https://cdn.sofifa.net/teams/523/30.png
1. FC Union Berlin,https://cdn.sofifa.net/teams/1831/30.png
1. FSV Mainz 05,https://cdn.sofifa.net/teams/169/30.png
12 de Octubre FC,https://cdn.sofifa.net/teams/111007/30.png
9 de Octubre,https://cdn.sofifa.net/teams/115487/30.png
Aalborg BK,https://cdn.sofifa.net/teams/820/30.png
Aalesunds FK,https://cdn.sofifa.net/teams/1755/30.png
Aarhus GF,https://cdn.sofifa.net/teams/271/30.png
Aberdeen,https://cdn.sofifa.net/teams/77/30.png
Abha Club,https://cdn.sofifa.net/teams/113058/30.png
AC Ajaccio,https://cdn.sofifa.net/teams/614/30.png
AC Arles Avignon,https://cdn.sofifa.net/teams/111989/30.png
AC Horsens,https://cdn.sofifa.net/teams/1446/30.png
AC Milan,https://cdn.sofifa.net/teams/47/30.png
AC Mineros de Guayana,https://cdn.sofifa.net/teams/110992/30.png
AC Monza,https://cdn.sofifa.net/teams/111811/30.png
AC Sparta Praha,https://cdn.sofifa.net/teams/267/30.png
Academia Puerto Cabello,https://cdn.sofifa.net/teams/114611/30.png
Accrington Stanley,https://cdn.sofifa.net/teams/110313/30.png
AD Alcorcón,https://cdn.sofifa.net/teams/100831/30.png
Adana Demirspor,https://cdn.sofifa.net/teams/101016/30.png
Adelaide United,https://cdn.sofifa.net/teams/111393/30.png
ADO Den Haag,https://cdn.sofifa.net/teams/650/30.png
AEK Athens,https://cdn.sofifa.net/teams/278/30.png
AFC Astra Giurgiu,https://cdn.sofifa.net/teams/112847/30.png
AFC Bournemouth,https://cdn.sofifa.net/teams/1943/30.png
AFC Chindia Târgoviște,https://cdn.sofifa.net/teams/113387/30.png
AFC Hermannstadt,https://cdn.sofifa.net/teams/114147/30.png
AFC Richmond,https://cdn.sofifa.net/teams/116418/30.png
AFC UTA Arad,https://cdn.sofifa.net/teams/110750/30.png
AFC Wimbledon,https://cdn.sofifa.net/teams/112259/30.png
AIK,https://cdn.sofifa.net/teams/433/30.png
AJ Auxerre,https://cdn.sofifa.net/teams/57/30.png
Ajax,https://cdn.sofifa.net/teams/245/30.png
Al Adalah,https://cdn.sofifa.net/teams/113345/30.png
Al Ahli,https://cdn.sofifa.net/teams/112387/30.png
Al Ain,https://cdn.sofifa.net/teams/114143/30.png
Al Ain FC,https://cdn.sofifa.net/teams/111701/30.png
Al Batin,https://cdn.sofifa.net/teams/112990/30.png
Al Faisaly,https://cdn.sofifa.net/teams/112389/30.png
Al Fateh,https://cdn.sofifa.net/teams/112390/30.png
Al Fayha,https://cdn.sofifa.net/teams/113057/30.png
Al Hazem,https://cdn.sofifa.net/teams/113222/30.png
Al Hilal,https://cdn.sofifa.net/teams/605/30.png
Al Ittihad,https://cdn.sofifa.net/teams/607/30.png
Al Khaleej,https://cdn.sofifa.net/teams/112883/30.png
Al Nassr,https://cdn.sofifa.net/teams/112139/30.png
Al Qadisiyah,https://cdn.sofifa.net/teams/112391/30.png
Al Raed,https://cdn.sofifa.net/teams/112392/30.png
Al Shabab,https://cdn.sofifa.net/teams/111674/30.png
Al Taawoun,https://cdn.sofifa.net/teams/112393/30.png
Al Tai,https://cdn.sofifa.net/teams/112572/30.png
Al Wehda,https://cdn.sofifa.net/teams/112408/30.png
Albacete BP,https://cdn.sofifa.net/teams/1854/30.png
Albirex Niigata,https://cdn.sofifa.net/teams/112906/30.png
Alianza Petrolera,https://cdn.sofifa.net/teams/112579/30.png
Altay SK,https://cdn.sofifa.net/teams/101006/30.png
América de Cali,https://cdn.sofifa.net/teams/101099/30.png
Amiens SC,https://cdn.sofifa.net/teams/1816/30.png
Angers SCO,https://cdn.sofifa.net/teams/1530/30.png
Antalyaspor,https://cdn.sofifa.net/teams/741/30.png
APOEL Nicosia FC,https://cdn.sofifa.net/teams/100135/30.png
Aragua Fútbol Club,https://cdn.sofifa.net/teams/112916/30.png
Argentinos Juniors,https://cdn.sofifa.net/teams/111019/30.png
Arka Gdynia,https://cdn.sofifa.net/teams/111082/30.png
Arsenal,https://cdn.sofifa.net/teams/1/30.png
Arsenal de Sarandí,https://cdn.sofifa.net/teams/110394/30.png
Arsenal Tula,https://cdn.sofifa.net/teams/110756/30.png
AS Monaco,https://cdn.sofifa.net/teams/69/30.png
AS Nancy Lorraine,https://cdn.sofifa.net/teams/1823/30.png
AS Saint-Étienne,https://cdn.sofifa.net/teams/1819/30.png
Ascoli,https://cdn.sofifa.net/teams/1847/30.png
Associação Académica de Coimbra,https://cdn.sofifa.net/teams/1901/30.png
Aston Villa,https://cdn.sofifa.net/teams/2/30.png
Atakaş Hatayspor,https://cdn.sofifa.net/teams/101028/30.png
Atalanta,https://cdn.sofifa.net/teams/39/30.png
Athletic Club de Bilbao,https://cdn.sofifa.net/teams/448/30.png
ATK Mohun Bagan FC,https://cdn.sofifa.net/teams/113146/30.png
Atlanta United,https://cdn.sofifa.net/teams/112885/30.png
Atlético Bucaramanga,https://cdn.sofifa.net/teams/112992/30.png
Atlético Clube Goianiense,https://cdn.sofifa.net/teams/112119/30.png
Atlético de Madrid,https://cdn.sofifa.net/teams/240/30.png
Atlético Huila,https://cdn.sofifa.net/teams/112528/30.png
Atlético Nacional,https://cdn.sofifa.net/teams/101100/30.png
Atlético Tucumán,https://cdn.sofifa.net/teams/111708/30.png
Audax Italiano,https://cdn.sofifa.net/teams/101097/30.png
Austin FC,https://cdn.sofifa.net/teams/114161/30.png
Austria Lustenau,https://cdn.sofifa.net/teams/781/30.png
Avellino,https://cdn.sofifa.net/teams/2038/30.png
Avispa Fukuoka,https://cdn.sofifa.net/teams/113186/30.png
Ayacucho,https://cdn.sofifa.net/teams/114512/30.png
Aytemiz Alanyaspor,https://cdn.sofifa.net/teams/113142/30.png
AZ Alkmaar,https://cdn.sofifa.net/teams/1906/30.png
Bahia,https://cdn.sofifa.net/teams/1598/30.png
Barcelona Sporting Club,https://cdn.sofifa.net/teams/110981/30.png
Bari,https://cdn.sofifa.net/teams/1848/30.png
Barnet,https://cdn.sofifa.net/teams/135/30.png
Barnsley,https://cdn.sofifa.net/teams/1932/30.png
Barracas Central,https://cdn.sofifa.net/teams/113044/30.png
Barrow,https://cdn.sofifa.net/teams/381/30.png
Bayer 04 Leverkusen,https://cdn.sofifa.net/teams/32/30.png
BB Erzurumspor,https://cdn.sofifa.net/teams/749/30.png
Beijing Guoan FC,https://cdn.sofifa.net/teams/111768/30.png
Belenenses SAD,https://cdn.sofifa.net/teams/1889/30.png
Benevento,https://cdn.sofifa.net/teams/112026/30.png
Bengaluru FC,https://cdn.sofifa.net/teams/113302/30.png
Beşiktaş JK,https://cdn.sofifa.net/teams/327/30.png
Birmingham City,https://cdn.sofifa.net/teams/88/30.png
BK Häcken,https://cdn.sofifa.net/teams/711/30.png
Blackburn Rovers,https://cdn.sofifa.net/teams/3/30.png
Blackpool,https://cdn.sofifa.net/teams/1926/30.png
Boavista FC,https://cdn.sofifa.net/teams/1898/30.png
Boca Juniors,https://cdn.sofifa.net/teams/1877/30.png
Bohemian FC,https://cdn.sofifa.net/teams/305/30.png
Bologna,https://cdn.sofifa.net/teams/189/30.png
Bolton Wanderers,https://cdn.sofifa.net/teams/4/30.png
Borussia Dortmund,https://cdn.sofifa.net/teams/22/30.png
Borussia Dortmund II,https://cdn.sofifa.net/teams/110676/30.png
Borussia Mönchengladbach,https://cdn.sofifa.net/teams/23/30.png
Boyacá Chicó FC,https://cdn.sofifa.net/teams/112019/30.png
Bradford City,https://cdn.sofifa.net/teams/1804/30.png
Bray Wanderers,https://cdn.sofifa.net/teams/838/30.png
Brentford,https://cdn.sofifa.net/teams/1925/30.png
Brescia,https://cdn.sofifa.net/teams/190/30.png
Brighton & Hove Albion,https://cdn.sofifa.net/teams/1808/30.png
Brisbane Roar,https://cdn.sofifa.net/teams/111395/30.png
Bristol City,https://cdn.sofifa.net/teams/1919/30.png
Bristol Rovers,https://cdn.sofifa.net/teams/1962/30.png
Brøndby IF,https://cdn.sofifa.net/teams/269/30.png
Bruk-Bet Termalica Nieciecza,https://cdn.sofifa.net/teams/112510/30.png
BSC Young Boys,https://cdn.sofifa.net/teams/900/30.png
Burgos CF,https://cdn.sofifa.net/teams/10846/30.png
Burnley,https://cdn.sofifa.net/teams/1796/30.png
Bursaspor,https://cdn.sofifa.net/teams/742/30.png
Burton Albion,https://cdn.sofifa.net/teams/15015/30.png
Busan IPark,https://cdn.sofifa.net/teams/1476/30.png
C.D. Castellón,https://cdn.sofifa.net/teams/100852/30.png
C.D. Universidad Católica del Ecuador,https://cdn.sofifa.net/teams/114581/30.png
CA Osasuna,https://cdn.sofifa.net/teams/479/30.png
Cádiz CF,https://cdn.sofifa.net/teams/1968/30.png
Cagliari,https://cdn.sofifa.net/teams/1842/30.png
Cambridge United,https://cdn.sofifa.net/teams/1944/30.png
Campionii FC Arges,https://cdn.sofifa.net/teams/100759/30.png
Caracas Fútbol Club,https://cdn.sofifa.net/teams/110989/30.png
Cardiff City,https://cdn.sofifa.net/teams/1961/30.png
Carlisle United,https://cdn.sofifa.net/teams/1480/30.png
Carlos A. Mannucci,https://cdn.sofifa.net/teams/114619/30.png
Casa Pia,https://cdn.sofifa.net/teams/114510/30.png
Castellammare di Stabia,https://cdn.sofifa.net/teams/112124/30.png
Catania,https://cdn.sofifa.net/teams/110364/30.png
Çaykur Rizespor,https://cdn.sofifa.net/teams/101037/30.png
CD Antofagasta,https://cdn.sofifa.net/teams/112533/30.png
CD Everton de Viña del Mar,https://cdn.sofifa.net/teams/112584/30.png
CD Feirense,https://cdn.sofifa.net/teams/10019/30.png
CD Huachipato,https://cdn.sofifa.net/teams/111327/30.png
CD Leganés,https://cdn.sofifa.net/teams/100888/30.png
CD Lugo,https://cdn.sofifa.net/teams/110831/30.png
CD Mirandés,https://cdn.sofifa.net/teams/110069/30.png
CD Nacional,https://cdn.sofifa.net/teams/1891/30.png
CD Numancia,https://cdn.sofifa.net/teams/477/30.png
CD O'Higgins,https://cdn.sofifa.net/teams/112116/30.png
CD Tenerife,https://cdn.sofifa.net/teams/260/30.png
CD Tondela,https://cdn.sofifa.net/teams/112516/30.png
CD Universidad de Concepción,https://cdn.sofifa.net/teams/112534/30.png
CE Sabadell FC,https://cdn.sofifa.net/teams/15021/30.png
Ceará Sporting Club,https://cdn.sofifa.net/teams/111059/30.png
Celtic,https://cdn.sofifa.net/teams/78/30.png
Central Coast Mariners,https://cdn.sofifa.net/teams/111396/30.png
Centro Atlético Fénix,https://cdn.sofifa.net/teams/111002/30.png
Cerezo Osaka,https://cdn.sofifa.net/teams/101148/30.png
Cerro Largo Fútbol Club,https://cdn.sofifa.net/teams/115536/30.png
CF Fuenlabrada,https://cdn.sofifa.net/teams/110065/30.png
CF Monterrey,https://cdn.sofifa.net/teams/1032/30.png
CFR Cluj,https://cdn.sofifa.net/teams/110816/30.png
Chamois Niortais Football Club,https://cdn.sofifa.net/teams/1813/30.png
Changchun Yatai FC,https://cdn.sofifa.net/teams/111769/30.png
Charlotte FC,https://cdn.sofifa.net/teams/114640/30.png
Charlton Athletic,https://cdn.sofifa.net/teams/89/30.png
Chelsea,https://cdn.sofifa.net/teams/5/30.png
Cheltenham Town,https://cdn.sofifa.net/teams/1936/30.png
Chemnitzer FC,https://cdn.sofifa.net/teams/507/30.png
Chengdu Rongcheng F.C.,https://cdn.sofifa.net/teams/116360/30.png
Chennaiyin FC,https://cdn.sofifa.net/teams/113297/30.png
Chesterfield,https://cdn.sofifa.net/teams/1924/30.png
Chicago Fire Football Club,https://cdn.sofifa.net/teams/693/30.png
Chievo Verona,https://cdn.sofifa.net/teams/192/30.png
Chivas USA,https://cdn.sofifa.net/teams/111070/30.png
Chongqing Liangjiang Athletic,https://cdn.sofifa.net/teams/112165/30.png
Cienciano,https://cdn.sofifa.net/teams/111011/30.png
Cittadella,https://cdn.sofifa.net/teams/111993/30.png
Clermont Foot 63,https://cdn.sofifa.net/teams/1815/30.png
Club Alianza Lima,https://cdn.sofifa.net/teams/111010/30.png
Club Always Ready,https://cdn.sofifa.net/teams/114577/30.png
Club América,https://cdn.sofifa.net/teams/1879/30.png
Club Athletico Paranaense,https://cdn.sofifa.net/teams/1039/30.png
Club Atlas,https://cdn.sofifa.net/teams/101114/30.png
Club Atlético Aldosivi,https://cdn.sofifa.net/teams/111707/30.png
Club Atlético Banfield,https://cdn.sofifa.net/teams/110404/30.png
Club Atlético Central Córdoba,https://cdn.sofifa.net/teams/112965/30.png
Club Atlético Colón,https://cdn.sofifa.net/teams/110406/30.png
Club Atlético de San Luis,https://cdn.sofifa.net/teams/112678/30.png
Club Atlético Grau,https://cdn.sofifa.net/teams/114598/30.png
Club Atlético Huracán,https://cdn.sofifa.net/teams/111711/30.png
Club Atlético Independiente,https://cdn.sofifa.net/teams/110093/30.png
Club Atlético Lanús,https://cdn.sofifa.net/teams/110395/30.png
Club Atlético Nacional Potosí,https://cdn.sofifa.net/teams/112667/30.png
Club Atlético Palmaflor,https://cdn.sofifa.net/teams/115358/30.png
Club Atlético Peñarol,https://cdn.sofifa.net/teams/101110/30.png
Club Atlético Rentistas,https://cdn.sofifa.net/teams/115535/30.png
Club Atlético River Plate,https://cdn.sofifa.net/teams/112184/30.png
Club Atlético Sarmiento,https://cdn.sofifa.net/teams/112713/30.png
Club Atlético Talleres,https://cdn.sofifa.net/teams/112670/30.png
Club Atlético Tigre,https://cdn.sofifa.net/teams/111715/30.png
Club Bolívar,https://cdn.sofifa.net/teams/110968/30.png
Club Brugge KV,https://cdn.sofifa.net/teams/231/30.png
Club Cerro Porteño,https://cdn.sofifa.net/teams/112716/30.png
Club de Deportes Cobresal,https://cdn.sofifa.net/teams/110978/30.png
Club de Foot Montréal,https://cdn.sofifa.net/teams/111139/30.png
Club de Regatas Vasco da Gama,https://cdn.sofifa.net/teams/569/30.png
Club Deportes Tolima,https://cdn.sofifa.net/teams/111722/30.png
Club Deportivo El Nacional,https://cdn.sofifa.net/teams/111331/30.png
Club Deportivo Guabirá,https://cdn.sofifa.net/teams/114600/30.png
Club Deportivo Guadalajara,https://cdn.sofifa.net/teams/1880/30.png
Club Deportivo Jorge Wilstermann,https://cdn.sofifa.net/teams/110974/30.png
Club Deportivo Oriente Petrolero,https://cdn.sofifa.net/teams/110970/30.png
Club Deportivo Palestino,https://cdn.sofifa.net/teams/111328/30.png
Club Guaraní,https://cdn.sofifa.net/teams/111329/30.png
Club Independiente Santa Fe,https://cdn.sofifa.net/teams/101104/30.png
Club León,https://cdn.sofifa.net/teams/110781/30.png
Club Libertad,https://cdn.sofifa.net/teams/111008/30.png
Club Nacional,https://cdn.sofifa.net/teams/112671/30.png
Club Nacional de Football,https://cdn.sofifa.net/teams/111325/30.png
Club Necaxa,https://cdn.sofifa.net/teams/101121/30.png
Club Olimpia,https://cdn.sofifa.net/teams/101108/30.png
Club Plaza de Deportes Colonia,https://cdn.sofifa.net/teams/114024/30.png
Club River Plate Asunción,https://cdn.sofifa.net/teams/114575/30.png
Club Social y Deportivo Macará,https://cdn.sofifa.net/teams/114578/30.png
"Club Social, Cultural y Deportivo de Blooming",https://cdn.sofifa.net/teams/110967/30.png
Club Sol de América,https://cdn.sofifa.net/teams/112080/30.png
Club Sporting Cristal,https://cdn.sofifa.net/teams/111013/30.png
Club Sportivo Luqueño,https://cdn.sofifa.net/teams/111006/30.png
Club The Strongest,https://cdn.sofifa.net/teams/110969/30.png
Club Tijuana,https://cdn.sofifa.net/teams/111678/30.png
Club Unión Magdalena S.A,https://cdn.sofifa.net/teams/112715/30.png
Club Universidad Nacional,https://cdn.sofifa.net/teams/1881/30.png
Club Universitario de Deportes,https://cdn.sofifa.net/teams/111014/30.png
Clube Atlético Mineiro,https://cdn.sofifa.net/teams/1035/30.png
Clube Sport Marítimo,https://cdn.sofifa.net/teams/1893/30.png
Colchester United,https://cdn.sofifa.net/teams/1935/30.png
Colo-Colo,https://cdn.sofifa.net/teams/110980/30.png
Colorado Rapids,https://cdn.sofifa.net/teams/694/30.png
Columbus Crew,https://cdn.sofifa.net/teams/687/30.png
Como,https://cdn.sofifa.net/teams/1745/30.png
Coquimbo Unido,https://cdn.sofifa.net/teams/112705/30.png
Coritiba,https://cdn.sofifa.net/teams/111044/30.png
Cork City,https://cdn.sofifa.net/teams/422/30.png
Cosenza,https://cdn.sofifa.net/teams/112168/30.png
Coventry City,https://cdn.sofifa.net/teams/1800/30.png
Cracovia,https://cdn.sofifa.net/teams/110747/30.png
Crawley Town,https://cdn.sofifa.net/teams/110890/30.png
Crewe Alexandra,https://cdn.sofifa.net/teams/121/30.png
Crotone,https://cdn.sofifa.net/teams/110734/30.png
Cruz Azul,https://cdn.sofifa.net/teams/1878/30.png
Cruzeiro,https://cdn.sofifa.net/teams/568/30.png
Crystal Palace,https://cdn.sofifa.net/teams/1799/30.png
CS Emelec,https://cdn.sofifa.net/teams/110984/30.png
CS Mioveni,https://cdn.sofifa.net/teams/113380/30.png
CSM Politehnica Iași,https://cdn.sofifa.net/teams/110815/30.png
Cúcuta Deportivo,https://cdn.sofifa.net/teams/111721/30.png
Cuiabá,https://cdn.sofifa.net/teams/115530/30.png
Curicó Unido,https://cdn.sofifa.net/teams/112655/30.png
Cusco Fútbol Club,https://cdn.sofifa.net/teams/112659/30.png
D.C. United,https://cdn.sofifa.net/teams/688/30.png
Daegu FC,https://cdn.sofifa.net/teams/2056/30.png
Dalian Professional Football Club,https://cdn.sofifa.net/teams/112378/30.png
Damac FC,https://cdn.sofifa.net/teams/113217/30.png
Defensa y Justicia,https://cdn.sofifa.net/teams/111710/30.png
Degerfors IF,https://cdn.sofifa.net/teams/113892/30.png
Delfín Sporting Club,https://cdn.sofifa.net/teams/114580/30.png
Demir Grup Sivasspor,https://cdn.sofifa.net/teams/101041/30.png
Denizlispor,https://cdn.sofifa.net/teams/1457/30.png
Deportes Iquique,https://cdn.sofifa.net/teams/112531/30.png
Deportivo Alavés,https://cdn.sofifa.net/teams/463/30.png
Deportivo Binacional,https://cdn.sofifa.net/teams/114582/30.png
Deportivo Cali,https://cdn.sofifa.net/teams/101102/30.png
Deportivo de La Coruña,https://cdn.sofifa.net/teams/242/30.png
Deportivo La Guaira FC,https://cdn.sofifa.net/teams/112853/30.png
Deportivo Ñublense,https://cdn.sofifa.net/teams/112585/30.png
Deportivo Pasto,https://cdn.sofifa.net/teams/111723/30.png
Deportivo Táchira FC,https://cdn.sofifa.net/teams/110990/30.png
Deportivo Toluca,https://cdn.sofifa.net/teams/1882/30.png
Derby County,https://cdn.sofifa.net/teams/91/30.png
Derry City,https://cdn.sofifa.net/teams/445/30.png
Desportivo das Aves,https://cdn.sofifa.net/teams/666/30.png
Dijon FCO,https://cdn.sofifa.net/teams/110569/30.png
Dinamo Zagreb,https://cdn.sofifa.net/teams/211/30.png
Djurgårdens IF,https://cdn.sofifa.net/teams/710/30.png
Doncaster Rovers,https://cdn.sofifa.net/teams/142/30.png
Drogheda United,https://cdn.sofifa.net/teams/1572/30.png
DSC Arminia Bielefeld,https://cdn.sofifa.net/teams/159/30.png
Dundalk FC,https://cdn.sofifa.net/teams/837/30.png
Dundee FC,https://cdn.sofifa.net/teams/180/30.png
Dundee United,https://cdn.sofifa.net/teams/181/30.png
Dynamo Kyiv,https://cdn.sofifa.net/teams/101047/30.png
Eintracht Braunschweig,https://cdn.sofifa.net/teams/110500/30.png
Eintracht Frankfurt,https://cdn.sofifa.net/teams/1824/30.png
Elche CF,https://cdn.sofifa.net/teams/468/30.png
Empoli,https://cdn.sofifa.net/teams/1746/30.png
En Avant de Guingamp,https://cdn.sofifa.net/teams/62/30.png
Envigado FC,https://cdn.sofifa.net/teams/112526/30.png
ESTAC Troyes,https://cdn.sofifa.net/teams/294/30.png
Estoril Praia,https://cdn.sofifa.net/teams/10020/30.png
Estudiantes de La Plata,https://cdn.sofifa.net/teams/101083/30.png
Estudiantes de Mérida,https://cdn.sofifa.net/teams/111332/30.png
Ettifaq FC,https://cdn.sofifa.net/teams/112096/30.png
Everton,https://cdn.sofifa.net/teams/7/30.png
Évian Thonon Gaillard FC,https://cdn.sofifa.net/teams/111271/30.png
Excelsior,https://cdn.sofifa.net/teams/1971/30.png
Excelsior Mouscron,https://cdn.sofifa.net/teams/672/30.png
Exeter City,https://cdn.sofifa.net/teams/143/30.png
Extremadura UD,https://cdn.sofifa.net/teams/469/30.png
F.C. Hansa Rostock,https://cdn.sofifa.net/teams/27/30.png
F.C. København,https://cdn.sofifa.net/teams/819/30.png
Falkenbergs FF,https://cdn.sofifa.net/teams/112169/30.png
Fatih Karagümrük S.K.,https://cdn.sofifa.net/teams/111117/30.png
FBC Melgar,https://cdn.sofifa.net/teams/111334/30.png
FC Academica Clinceni,https://cdn.sofifa.net/teams/113391/30.png
FC Andorra,https://cdn.sofifa.net/teams/114554/30.png
FC Annecy,https://cdn.sofifa.net/teams/115494/30.png
FC Arouca,https://cdn.sofifa.net/teams/112513/30.png
FC Augsburg,https://cdn.sofifa.net/teams/100409/30.png
FC Barcelona,https://cdn.sofifa.net/teams/241/30.png
FC Basel 1893,https://cdn.sofifa.net/teams/896/30.png
FC Bayern München,https://cdn.sofifa.net/teams/21/30.png
FC Bayern München II,https://cdn.sofifa.net/teams/110679/30.png
FC Botoşani,https://cdn.sofifa.net/teams/110752/30.png
FC Carl Zeiss Jena,https://cdn.sofifa.net/teams/110591/30.png
FC Cartagena,https://cdn.sofifa.net/teams/100851/30.png
FC Chambly Oise,https://cdn.sofifa.net/teams/112627/30.png
FC Cincinnati,https://cdn.sofifa.net/teams/113149/30.png
FC Dallas,https://cdn.sofifa.net/teams/695/30.png
FC Dinamo 1948 Bucureşti,https://cdn.sofifa.net/teams/100757/30.png
FC Emmen,https://cdn.sofifa.net/teams/100628/30.png
FC Energie Cottbus,https://cdn.sofifa.net/teams/162/30.png
FC Erzgebirge Aue,https://cdn.sofifa.net/teams/506/30.png
FC Farul Constanța,https://cdn.sofifa.net/teams/110075/30.png
FC Flyeralarm Admira,https://cdn.sofifa.net/teams/111821/30.png
FC Girondins de Bordeaux,https://cdn.sofifa.net/teams/59/30.png
FC Goa,https://cdn.sofifa.net/teams/113298/30.png
FC Groningen,https://cdn.sofifa.net/teams/1915/30.png
FC Hradec Králové,https://cdn.sofifa.net/teams/112236/30.png
FC Ingolstadt 04,https://cdn.sofifa.net/teams/111239/30.png
FC Krasnodar,https://cdn.sofifa.net/teams/112218/30.png
FC Lausanne-Sport,https://cdn.sofifa.net/teams/1862/30.png
FC Lokomotiv Moscow,https://cdn.sofifa.net/teams/100765/30.png
FC Lorient,https://cdn.sofifa.net/teams/217/30.png
FC Lugano,https://cdn.sofifa.net/teams/10032/30.png
FC Luzern,https://cdn.sofifa.net/teams/897/30.png
FC Metz,https://cdn.sofifa.net/teams/68/30.png
FC Midtjylland,https://cdn.sofifa.net/teams/1516/30.png
FC Nantes,https://cdn.sofifa.net/teams/71/30.png
FC Nordsjælland,https://cdn.sofifa.net/teams/1788/30.png
FC Paços de Ferreira,https://cdn.sofifa.net/teams/1892/30.png
FC Porto,https://cdn.sofifa.net/teams/236/30.png
FC Red Bull Salzburg,https://cdn.sofifa.net/teams/191/30.png
FC Schalke 04,https://cdn.sofifa.net/teams/34/30.png
FC Seoul,https://cdn.sofifa.net/teams/982/30.png
FC Sion,https://cdn.sofifa.net/teams/110770/30.png
FC Sochaux-Montbéliard,https://cdn.sofifa.net/teams/226/30.png
FC St. Gallen 1879,https://cdn.sofifa.net/teams/898/30.png
FC St. Pauli,https://cdn.sofifa.net/teams/110329/30.png
FC Thun,https://cdn.sofifa.net/teams/1715/30.png
FC Tokyo,https://cdn.sofifa.net/teams/101150/30.png
FC Twente,https://cdn.sofifa.net/teams/1908/30.png
FC U Craiova 1948,https://cdn.sofifa.net/teams/115716/30.png
FC Utrecht,https://cdn.sofifa.net/teams/1903/30.png
FC Vaduz,https://cdn.sofifa.net/teams/286/30.png
FC Viitorul Constanța,https://cdn.sofifa.net/teams/113180/30.png
FC Viktoria 1889 Berlin,https://cdn.sofifa.net/teams/115820/30.png
FC Viktoria Plzeň,https://cdn.sofifa.net/teams/110468/30.png
FC Vizela,https://cdn.sofifa.net/teams/111539/30.png
FC Volendam,https://cdn.sofifa.net/teams/645/30.png
FC Voluntari,https://cdn.sofifa.net/teams/113182/30.png
FC Winterthur,https://cdn.sofifa.net/teams/1713/30.png
FC Würzburger Kickers,https://cdn.sofifa.net/teams/110197/30.png
FC Zürich,https://cdn.sofifa.net/teams/894/30.png
FCSB (Steaua),https://cdn.sofifa.net/teams/100761/30.png
Fenerbahçe SK,https://cdn.sofifa.net/teams/326/30.png
Ferencvárosi TC,https://cdn.sofifa.net/teams/1874/30.png
Feyenoord,https://cdn.sofifa.net/teams/246/30.png
Figueirense,https://cdn.sofifa.net/teams/111045/30.png
Finn Harps,https://cdn.sofifa.net/teams/111131/30.png
Fiorentina,https://cdn.sofifa.net/teams/110374/30.png
FK Austria Wien,https://cdn.sofifa.net/teams/256/30.png
FK Bodø/Glimt,https://cdn.sofifa.net/teams/918/30.png
FK Haugesund,https://cdn.sofifa.net/teams/1463/30.png
FK Jerv,https://cdn.sofifa.net/teams/115489/30.png
Flamengo,https://cdn.sofifa.net/teams/1043/30.png
Fleetwood Town,https://cdn.sofifa.net/teams/112260/30.png
Fluminense,https://cdn.sofifa.net/teams/567/30.png
Forest Green Rovers,https://cdn.sofifa.net/teams/561/30.png
Fortaleza,https://cdn.sofifa.net/teams/111052/30.png
Fortuna Düsseldorf,https://cdn.sofifa.net/teams/110636/30.png
Fortuna Sittard,https://cdn.sofifa.net/teams/634/30.png
Frosinone,https://cdn.sofifa.net/teams/111657/30.png
FSV Frankfurt,https://cdn.sofifa.net/teams/110596/30.png
FSV Zwickau,https://cdn.sofifa.net/teams/110592/30.png
Fulham,https://cdn.sofifa.net/teams/144/30.png
Fútbol Club Juárez,https://cdn.sofifa.net/teams/113134/30.png
Futebol Clube de Famalicão,https://cdn.sofifa.net/teams/112809/30.png
Galatasaray SK,https://cdn.sofifa.net/teams/325/30.png
Gallos Blancos de Querétaro,https://cdn.sofifa.net/teams/110150/30.png
Gamba Osaka,https://cdn.sofifa.net/teams/112093/30.png
Gangwon FC,https://cdn.sofifa.net/teams/112115/30.png
Gaz Metan Mediaş,https://cdn.sofifa.net/teams/112637/30.png
Gazişehir Gaziantep F.K.,https://cdn.sofifa.net/teams/110776/30.png
GD Chaves,https://cdn.sofifa.net/teams/518/30.png
Gençlerbirliği SK,https://cdn.sofifa.net/teams/101025/30.png
General Caballero (JLM),https://cdn.sofifa.net/teams/116007/30.png
Genoa,https://cdn.sofifa.net/teams/110556/30.png
Getafe CF,https://cdn.sofifa.net/teams/1860/30.png
GFC Ajaccio,https://cdn.sofifa.net/teams/110316/30.png
GIF Sundsvall,https://cdn.sofifa.net/teams/1596/30.png
Gil Vicente FC,https://cdn.sofifa.net/teams/1888/30.png
Gillingham,https://cdn.sofifa.net/teams/1802/30.png
Gimnasia y Esgrima La Plata,https://cdn.sofifa.net/teams/101084/30.png
Girona FC,https://cdn.sofifa.net/teams/110062/30.png
Go Ahead Eagles,https://cdn.sofifa.net/teams/100632/30.png
Godoy Cruz,https://cdn.sofifa.net/teams/111706/30.png
Goiás,https://cdn.sofifa.net/teams/111042/30.png
Górnik Łęczna,https://cdn.sofifa.net/teams/110565/30.png
Górnik Zabrze,https://cdn.sofifa.net/teams/420/30.png
Göztepe SK,https://cdn.sofifa.net/teams/101026/30.png
Granada CF,https://cdn.sofifa.net/teams/110832/30.png
Grasshopper Club Zürich,https://cdn.sofifa.net/teams/322/30.png
Grêmio,https://cdn.sofifa.net/teams/1629/30.png
Grenoble Foot 38,https://cdn.sofifa.net/teams/1805/30.png
Grimsby Town,https://cdn.sofifa.net/teams/92/30.png
Guaireña FC,https://cdn.sofifa.net/teams/114688/30.png
Guangzhou City,https://cdn.sofifa.net/teams/112429/30.png
Guangzhou FC,https://cdn.sofifa.net/teams/111839/30.png
Guayaquil City FC,https://cdn.sofifa.net/teams/113723/30.png
GwangJu FC,https://cdn.sofifa.net/teams/112258/30.png
Gyeongnam FC,https://cdn.sofifa.net/teams/111588/30.png
GZT Giresunspor,https://cdn.sofifa.net/teams/112120/30.png
Hajduk Split,https://cdn.sofifa.net/teams/263/30.png
Hallescher FC,https://cdn.sofifa.net/teams/110482/30.png
Halmstads BK,https://cdn.sofifa.net/teams/321/30.png
Hamarkameratene,https://cdn.sofifa.net/teams/1756/30.png
Hamburger SV,https://cdn.sofifa.net/teams/28/30.png
Hamilton Academical FC,https://cdn.sofifa.net/teams/184/30.png
Hammarby IF,https://cdn.sofifa.net/teams/708/30.png
Hannover 96,https://cdn.sofifa.net/teams/485/30.png
Harrogate Town,https://cdn.sofifa.net/teams/112222/30.png
Hartlepool United,https://cdn.sofifa.net/teams/1941/30.png
Heart of Midlothian,https://cdn.sofifa.net/teams/80/30.png
Hebei FC,https://cdn.sofifa.net/teams/112978/30.png
Hellas Verona,https://cdn.sofifa.net/teams/206/30.png
Helsingborgs IF,https://cdn.sofifa.net/teams/432/30.png
Henan Songshan Longmen FC,https://cdn.sofifa.net/teams/111779/30.png
Heracles Almelo,https://cdn.sofifa.net/teams/100634/30.png
Hermanos Colmenarez,https://cdn.sofifa.net/teams/115694/30.png
Hertha BSC,https://cdn.sofifa.net/teams/166/30.png
Hibernian,https://cdn.sofifa.net/teams/81/30.png
HJK Helsinki,https://cdn.sofifa.net/teams/100325/30.png
Hokkaido Consadole Sapporo,https://cdn.sofifa.net/teams/112444/30.png
Holstein Kiel,https://cdn.sofifa.net/teams/576/30.png
Houston Dynamo,https://cdn.sofifa.net/teams/698/30.png
Huddersfield Town,https://cdn.sofifa.net/teams/1939/30.png
Hull City,https://cdn.sofifa.net/teams/1952/30.png
Hyderabad FC,https://cdn.sofifa.net/teams/113301/30.png
IF Elfsborg,https://cdn.sofifa.net/teams/700/30.png
IFK Göteborg,https://cdn.sofifa.net/teams/319/30.png
IFK Norrköping,https://cdn.sofifa.net/teams/702/30.png
IFK Värnamo,https://cdn.sofifa.net/teams/112126/30.png
IK Sirius,https://cdn.sofifa.net/teams/113458/30.png
IK Start,https://cdn.sofifa.net/teams/1524/30.png
Incheon United FC,https://cdn.sofifa.net/teams/110765/30.png
Independiente del Valle,https://cdn.sofifa.net/teams/112908/30.png
Independiente Medellín,https://cdn.sofifa.net/teams/101103/30.png
Independiente Petrolero,https://cdn.sofifa.net/teams/115517/30.png
Inter,https://cdn.sofifa.net/teams/44/30.png
Inter Miami CF,https://cdn.sofifa.net/teams/112893/30.png
Internacional,https://cdn.sofifa.net/teams/1048/30.png
Inverness Caledonian Thistle,https://cdn.sofifa.net/teams/620/30.png
Ipswich Town,https://cdn.sofifa.net/teams/94/30.png
İstanbul Başakşehir FK,https://cdn.sofifa.net/teams/101014/30.png
İstanbulspor,https://cdn.sofifa.net/teams/746/30.png
İttifak Holding Konyaspor,https://cdn.sofifa.net/teams/101033/30.png
Jagiellonia Białystok,https://cdn.sofifa.net/teams/110745/30.png
Jaguares de Córdoba Fútbol Club,https://cdn.sofifa.net/teams/112903/30.png
Jamshedpur FC,https://cdn.sofifa.net/teams/114168/30.png
Jeju United FC,https://cdn.sofifa.net/teams/1478/30.png
Jeonbuk Hyundai Motors,https://cdn.sofifa.net/teams/1477/30.png
Jiangsu FC,https://cdn.sofifa.net/teams/112162/30.png
Junior FC,https://cdn.sofifa.net/teams/101101/30.png
Juventude,https://cdn.sofifa.net/teams/111041/30.png
Juventus,https://cdn.sofifa.net/teams/45/30.png
K Beerschot VA,https://cdn.sofifa.net/teams/675/30.png
KAA Gent,https://cdn.sofifa.net/teams/674/30.png
Kaizer Chiefs,https://cdn.sofifa.net/teams/110929/30.png
Kalmar FF,https://cdn.sofifa.net/teams/1439/30.png
Karlsruher SC,https://cdn.sofifa.net/teams/1832/30.png
KAS Eupen,https://cdn.sofifa.net/teams/2013/30.png
Kashima Antlers,https://cdn.sofifa.net/teams/101147/30.png
Kashiwa Reysol,https://cdn.sofifa.net/teams/101145/30.png
Kasimpaşa SK,https://cdn.sofifa.net/teams/111339/30.png
Kawasaki Frontale,https://cdn.sofifa.net/teams/111730/30.png
Kerala Blasters FC,https://cdn.sofifa.net/teams/113299/30.png
KFC Uerdingen 05,https://cdn.sofifa.net/teams/167/30.png
Kilmarnock,https://cdn.sofifa.net/teams/82/30.png
Korona Kielce,https://cdn.sofifa.net/teams/111083/30.png
KRC Genk,https://cdn.sofifa.net/teams/673/30.png
Kristiansund BK,https://cdn.sofifa.net/teams/113459/30.png
KSV Cercle Brugge,https://cdn.sofifa.net/teams/1750/30.png
Kuban Krasnodar,https://cdn.sofifa.net/teams/110089/30.png
KV Kortrijk,https://cdn.sofifa.net/teams/100081/30.png
KV Mechelen,https://cdn.sofifa.net/teams/110724/30.png
KV Oostende,https://cdn.sofifa.net/teams/682/30.png
KVC Westerlo,https://cdn.sofifa.net/teams/681/30.png
La Berrichonne de Châteauroux,https://cdn.sofifa.net/teams/212/30.png
La Equidad,https://cdn.sofifa.net/teams/112523/30.png
LA Galaxy,https://cdn.sofifa.net/teams/697/30.png
LASK Linz,https://cdn.sofifa.net/teams/252/30.png
Latina,https://cdn.sofifa.net/teams/112487/30.png
Lazio,https://cdn.sofifa.net/teams/46/30.png
LDU Quito,https://cdn.sofifa.net/teams/110986/30.png
Le Havre AC,https://cdn.sofifa.net/teams/1738/30.png
Le Mans FC,https://cdn.sofifa.net/teams/1739/30.png
Lecce,https://cdn.sofifa.net/teams/347/30.png
Lech Poznań,https://cdn.sofifa.net/teams/873/30.png
Lechia Gdańsk,https://cdn.sofifa.net/teams/111091/30.png
Leeds United,https://cdn.sofifa.net/teams/8/30.png
Legia Warszawa,https://cdn.sofifa.net/teams/1871/30.png
Leicester City,https://cdn.sofifa.net/teams/95/30.png
Levante Unión Deportiva,https://cdn.sofifa.net/teams/1853/30.png
Leyton Orient,https://cdn.sofifa.net/teams/1958/30.png
Lillestrøm SK,https://cdn.sofifa.net/teams/299/30.png
Limerick FC,https://cdn.sofifa.net/teams/111285/30.png
Lincoln City,https://cdn.sofifa.net/teams/149/30.png
Liverpool,https://cdn.sofifa.net/teams/9/30.png
Liverpool Fútbol Club,https://cdn.sofifa.net/teams/111326/30.png
Livingston FC,https://cdn.sofifa.net/teams/621/30.png
Livorno,https://cdn.sofifa.net/teams/1844/30.png
ŁKS Łódź,https://cdn.sofifa.net/teams/111085/30.png
Llaneros de Guanare Escuela de Fútbol,https://cdn.sofifa.net/teams/114623/30.png
Lobos BUAP,https://cdn.sofifa.net/teams/111035/30.png
Longford Town,https://cdn.sofifa.net/teams/1586/30.png
Los Angeles FC,https://cdn.sofifa.net/teams/112996/30.png
LOSC Lille,https://cdn.sofifa.net/teams/65/30.png
Luton Town,https://cdn.sofifa.net/teams/1923/30.png
Lyngby BK,https://cdn.sofifa.net/teams/15001/30.png
Macarthur FC,https://cdn.sofifa.net/teams/114604/30.png
Málaga CF,https://cdn.sofifa.net/teams/573/30.png
Malmö FF,https://cdn.sofifa.net/teams/320/30.png
Mamelodi Sundowns FC,https://cdn.sofifa.net/teams/110935/30.png
Manchester City,https://cdn.sofifa.net/teams/10/30.png
Manchester United,https://cdn.sofifa.net/teams/11/30.png
Mansfield Town,https://cdn.sofifa.net/teams/1940/30.png
Mantova,https://cdn.sofifa.net/teams/111433/30.png
Mazatlán Futbol Club,https://cdn.sofifa.net/teams/114899/30.png
Meizhou Hakka,https://cdn.sofifa.net/teams/114628/30.png
Melbourne City FC,https://cdn.sofifa.net/teams/112224/30.png
Melbourne Victory,https://cdn.sofifa.net/teams/111397/30.png
Mersin İdman Yurdu,https://cdn.sofifa.net/teams/101036/30.png
Messina,https://cdn.sofifa.net/teams/1845/30.png
Metropolitanos de Caracas FC,https://cdn.sofifa.net/teams/112914/30.png
Middlesbrough,https://cdn.sofifa.net/teams/12/30.png
Miedź Legnica,https://cdn.sofifa.net/teams/112505/30.png
Millonarios FC,https://cdn.sofifa.net/teams/101105/30.png
Millwall,https://cdn.sofifa.net/teams/97/30.png
Milton Keynes Dons,https://cdn.sofifa.net/teams/1798/30.png
Minnesota United FC,https://cdn.sofifa.net/teams/111138/30.png
Mjällby AIF,https://cdn.sofifa.net/teams/112072/30.png
Mjøndalen IF,https://cdn.sofifa.net/teams/112420/30.png
MKE Ankaragücü,https://cdn.sofifa.net/teams/101007/30.png
Modena,https://cdn.sofifa.net/teams/1744/30.png
Molde FK,https://cdn.sofifa.net/teams/417/30.png
Montevideo City Torque,https://cdn.sofifa.net/teams/113143/30.png
Montevideo Wanderers,https://cdn.sofifa.net/teams/111001/30.png
Montpellier Hérault SC,https://cdn.sofifa.net/teams/70/30.png
Morecambe,https://cdn.sofifa.net/teams/357/30.png
Moreirense FC,https://cdn.sofifa.net/teams/1900/30.png
Motherwell,https://cdn.sofifa.net/teams/83/30.png
MSV Duisburg,https://cdn.sofifa.net/teams/1825/30.png
Mumbai City FC,https://cdn.sofifa.net/teams/113300/30.png
Mushuc Runa,https://cdn.sofifa.net/teams/114615/30.png
N.E.C. Nijmegen,https://cdn.sofifa.net/teams/1910/30.png
Nagoya Grampus,https://cdn.sofifa.net/teams/112092/30.png
Najran SC,https://cdn.sofifa.net/teams/112395/30.png
Napoli,https://cdn.sofifa.net/teams/48/30.png
Nashville SC,https://cdn.sofifa.net/teams/114162/30.png
Neuchâtel Xamax FCS,https://cdn.sofifa.net/teams/435/30.png
New England Revolution,https://cdn.sofifa.net/teams/691/30.png
New York City FC,https://cdn.sofifa.net/teams/112828/30.png
New York Red Bulls,https://cdn.sofifa.net/teams/689/30.png
Newcastle Jets,https://cdn.sofifa.net/teams/111398/30.png
Newcastle United,https://cdn.sofifa.net/teams/13/30.png
Newell's Old Boys,https://cdn.sofifa.net/teams/110396/30.png
Newport County,https://cdn.sofifa.net/teams/112254/30.png
Nîmes Olympique,https://cdn.sofifa.net/teams/224/30.png
Northampton Town,https://cdn.sofifa.net/teams/1930/30.png
NorthEast United FC,https://cdn.sofifa.net/teams/113040/30.png
Norwich City,https://cdn.sofifa.net/teams/1792/30.png
Nottingham Forest,https://cdn.sofifa.net/teams/14/30.png
Odds BK,https://cdn.sofifa.net/teams/1456/30.png
Odense Boldklub,https://cdn.sofifa.net/teams/272/30.png
Odisha FC,https://cdn.sofifa.net/teams/113257/30.png
OGC Nice,https://cdn.sofifa.net/teams/72/30.png
Ohod Club,https://cdn.sofifa.net/teams/113219/30.png
Oita Trinita,https://cdn.sofifa.net/teams/113183/30.png
Oldham Athletic,https://cdn.sofifa.net/teams/1920/30.png
Olympiacos CFP,https://cdn.sofifa.net/teams/280/30.png
Olympique de Marseille,https://cdn.sofifa.net/teams/219/30.png
Olympique Lyonnais,https://cdn.sofifa.net/teams/66/30.png
Once Caldas,https://cdn.sofifa.net/teams/101106/30.png
Örebro SK,https://cdn.sofifa.net/teams/705/30.png
Orlando City Soccer Club,https://cdn.sofifa.net/teams/112606/30.png
Orlando Pirates,https://cdn.sofifa.net/teams/110930/30.png
Östersunds FK,https://cdn.sofifa.net/teams/113173/30.png
Oud-Heverlee Leuven,https://cdn.sofifa.net/teams/100087/30.png
Oxford United,https://cdn.sofifa.net/teams/1951/30.png
Pachuca,https://cdn.sofifa.net/teams/110147/30.png
Padova,https://cdn.sofifa.net/teams/110912/30.png
Palermo,https://cdn.sofifa.net/teams/1843/30.png
Palmeiras,https://cdn.sofifa.net/teams/383/30.png
Panathinaikos FC,https://cdn.sofifa.net/teams/1884/30.png
PAOK,https://cdn.sofifa.net/teams/393/30.png
Paris FC,https://cdn.sofifa.net/teams/111817/30.png
Paris Saint-Germain,https://cdn.sofifa.net/teams/73/30.png
Parma,https://cdn.sofifa.net/teams/50/30.png
Partick Thistle FC,https://cdn.sofifa.net/teams/1754/30.png
Patriotas Boyacá FC,https://cdn.sofifa.net/teams/112527/30.png
Patronato,https://cdn.sofifa.net/teams/110581/30.png
Pau FC,https://cdn.sofifa.net/teams/110321/30.png
PEC Zwolle,https://cdn.sofifa.net/teams/1914/30.png
Perth Glory,https://cdn.sofifa.net/teams/111399/30.png
Perugia,https://cdn.sofifa.net/teams/199/30.png
Pescara,https://cdn.sofifa.net/teams/200/30.png
Peterborough United,https://cdn.sofifa.net/teams/1938/30.png
Petrolul Ploiești,https://cdn.sofifa.net/teams/110078/30.png
PFC CSKA Moscow,https://cdn.sofifa.net/teams/315/30.png
PGE FKS Stal Mielec,https://cdn.sofifa.net/teams/114004/30.png
Philadelphia Union,https://cdn.sofifa.net/teams/112134/30.png
Piast Gliwice,https://cdn.sofifa.net/teams/111086/30.png
Pisa,https://cdn.sofifa.net/teams/110738/30.png
Platense,https://cdn.sofifa.net/teams/112689/30.png
Plymouth Argyle,https://cdn.sofifa.net/teams/1929/30.png
Podbeskidzie Bielsko-Biała,https://cdn.sofifa.net/teams/111087/30.png
Pogoń Szczecin,https://cdn.sofifa.net/teams/110746/30.png
Pohang Steelers,https://cdn.sofifa.net/teams/1474/30.png
Ponte Preta,https://cdn.sofifa.net/teams/111043/30.png
Port Vale,https://cdn.sofifa.net/teams/1928/30.png
Portimonense SC,https://cdn.sofifa.net/teams/10031/30.png
Portland Timbers,https://cdn.sofifa.net/teams/111140/30.png
Portsmouth,https://cdn.sofifa.net/teams/1790/30.png
Preston North End,https://cdn.sofifa.net/teams/1801/30.png
PSV,https://cdn.sofifa.net/teams/247/30.png
Puebla FC,https://cdn.sofifa.net/teams/110152/30.png
Qingdao FC,https://cdn.sofifa.net/teams/112961/30.png
Queens Park Rangers,https://cdn.sofifa.net/teams/15/30.png
Racing Club,https://cdn.sofifa.net/teams/101085/30.png
Racing Club de Lens,https://cdn.sofifa.net/teams/64/30.png
Racing Santander,https://cdn.sofifa.net/teams/456/30.png
Radomiak Radom,https://cdn.sofifa.net/teams/111088/30.png
Raków Częstochowa,https://cdn.sofifa.net/teams/114326/30.png
Randers FC,https://cdn.sofifa.net/teams/1786/30.png
Rangers FC,https://cdn.sofifa.net/teams/86/30.png
Ranheim Fotball,https://cdn.sofifa.net/teams/112200/30.png
Rapid București,https://cdn.sofifa.net/teams/310/30.png
Rayo Vallecano,https://cdn.sofifa.net/teams/480/30.png
RB Bragantino,https://cdn.sofifa.net/teams/112472/30.png
RB Leipzig,https://cdn.sofifa.net/teams/112172/30.png
RC Celta de Vigo,https://cdn.sofifa.net/teams/450/30.png
RC Strasbourg Alsace,https://cdn.sofifa.net/teams/76/30.png
RCD Espanyol de Barcelona,https://cdn.sofifa.net/teams/452/30.png
RCD Mallorca,https://cdn.sofifa.net/teams/453/30.png
Reading,https://cdn.sofifa.net/teams/1793/30.png
Real Betis Balompié,https://cdn.sofifa.net/teams/449/30.png
Real Madrid CF,https://cdn.sofifa.net/teams/243/30.png
Real Oviedo,https://cdn.sofifa.net/teams/110827/30.png
Real Salt Lake,https://cdn.sofifa.net/teams/111065/30.png
Real Sociedad,https://cdn.sofifa.net/teams/457/30.png
Real Sociedad B,https://cdn.sofifa.net/teams/110711/30.png
Real Sporting de Gijón,https://cdn.sofifa.net/teams/459/30.png
Real Valladolid CF,https://cdn.sofifa.net/teams/462/30.png
Real Zaragoza,https://cdn.sofifa.net/teams/244/30.png
Rio Ave FC,https://cdn.sofifa.net/teams/744/30.png
Rionegro Águilas,https://cdn.sofifa.net/teams/112578/30.png
River Plate,https://cdn.sofifa.net/teams/1876/30.png
RKC Waalwijk,https://cdn.sofifa.net/teams/1905/30.png
Rochdale,https://cdn.sofifa.net/teams/1955/30.png
Rodez Aveyron Football,https://cdn.sofifa.net/teams/111659/30.png
Roma,https://cdn.sofifa.net/teams/52/30.png
Rosario Central,https://cdn.sofifa.net/teams/110580/30.png
Rosenborg BK,https://cdn.sofifa.net/teams/298/30.png
Ross County FC,https://cdn.sofifa.net/teams/631/30.png
Rot-Weiß Essen,https://cdn.sofifa.net/teams/526/30.png
Rotherham United,https://cdn.sofifa.net/teams/1797/30.png
Royal Antwerp FC,https://cdn.sofifa.net/teams/230/30.png
Royal Charleroi S.C.,https://cdn.sofifa.net/teams/670/30.png
Royal Excel Mouscron,https://cdn.sofifa.net/teams/111560/30.png
Royal Pari,https://cdn.sofifa.net/teams/114579/30.png
Royale Union Saint-Gilloise,https://cdn.sofifa.net/teams/2014/30.png
RSC Anderlecht,https://cdn.sofifa.net/teams/229/30.png
Rubin Kazan,https://cdn.sofifa.net/teams/110227/30.png
RZ Pellets Wolfsberger AC,https://cdn.sofifa.net/teams/111822/30.png
Sagan Tosu,https://cdn.sofifa.net/teams/113160/30.png
Salford City,https://cdn.sofifa.net/teams/113926/30.png
San Jose Earthquakes,https://cdn.sofifa.net/teams/111928/30.png
San Lorenzo de Almagro,https://cdn.sofifa.net/teams/1013/30.png
Sandefjord Fotball,https://cdn.sofifa.net/teams/1757/30.png
Sanfrecce Hiroshima,https://cdn.sofifa.net/teams/113157/30.png
Sangju Sangmu FC,https://cdn.sofifa.net/teams/2055/30.png
Santa Clara,https://cdn.sofifa.net/teams/1438/30.png
Santos,https://cdn.sofifa.net/teams/1053/30.png
Santos Laguna,https://cdn.sofifa.net/teams/110144/30.png
São Paulo,https://cdn.sofifa.net/teams/598/30.png
Sarpsborg 08 FF,https://cdn.sofifa.net/teams/112199/30.png
SC Bastia,https://cdn.sofifa.net/teams/58/30.png
SC Braga,https://cdn.sofifa.net/teams/1896/30.png
SC Cambuur,https://cdn.sofifa.net/teams/647/30.png
SC East Bengal FC,https://cdn.sofifa.net/teams/111629/30.png
SC Farense,https://cdn.sofifa.net/teams/489/30.png
SC Fortuna Köln,https://cdn.sofifa.net/teams/110169/30.png
SC Freiburg II,https://cdn.sofifa.net/teams/110691/30.png
SC Heerenveen,https://cdn.sofifa.net/teams/1913/30.png
SC Paderborn 07,https://cdn.sofifa.net/teams/10030/30.png
SC Preußen Münster,https://cdn.sofifa.net/teams/531/30.png
SC Rheindorf Altach,https://cdn.sofifa.net/teams/15009/30.png
Scunthorpe United,https://cdn.sofifa.net/teams/1949/30.png
SD Amorebieta,https://cdn.sofifa.net/teams/113356/30.png
SD Eibar,https://cdn.sofifa.net/teams/467/30.png
SD Huesca,https://cdn.sofifa.net/teams/110839/30.png
SD Ponferradina,https://cdn.sofifa.net/teams/2023/30.png
Seattle Sounders FC,https://cdn.sofifa.net/teams/111144/30.png
Seongnam FC,https://cdn.sofifa.net/teams/981/30.png
Sepsi OSK Sf. Gheorghe,https://cdn.sofifa.net/teams/113378/30.png
Seraing,https://cdn.sofifa.net/teams/112695/30.png
Servette FC,https://cdn.sofifa.net/teams/324/30.png
Sevilla FC,https://cdn.sofifa.net/teams/481/30.png
SG Dynamo Dresden,https://cdn.sofifa.net/teams/503/30.png
SG Sonnenhof Großaspach,https://cdn.sofifa.net/teams/111379/30.png
Shakhtar Donetsk,https://cdn.sofifa.net/teams/101059/30.png
Shamrock Rovers,https://cdn.sofifa.net/teams/306/30.png
Shandong Taishan,https://cdn.sofifa.net/teams/111724/30.png
Shanghai Port FC,https://cdn.sofifa.net/teams/112540/30.png
Shanghai Shenhua FC,https://cdn.sofifa.net/teams/110955/30.png
Sheffield United,https://cdn.sofifa.net/teams/1794/30.png
Sheffield Wednesday,https://cdn.sofifa.net/teams/1807/30.png
Shelbourne FC,https://cdn.sofifa.net/teams/834/30.png
Shenzhen FC,https://cdn.sofifa.net/teams/111773/30.png
Shijiazhuang Ever Bright F.C.,https://cdn.sofifa.net/teams/112985/30.png
Shimizu S-Pulse,https://cdn.sofifa.net/teams/101149/30.png
Shonan Bellmare,https://cdn.sofifa.net/teams/113161/30.png
Shrewsbury Town,https://cdn.sofifa.net/teams/127/30.png
Silkeborg IF,https://cdn.sofifa.net/teams/270/30.png
Sint-Truidense VV,https://cdn.sofifa.net/teams/680/30.png
SK Austria Klagenfurt,https://cdn.sofifa.net/teams/1787/30.png
SK Brann,https://cdn.sofifa.net/teams/919/30.png
SK Rapid Wien,https://cdn.sofifa.net/teams/254/30.png
SK Slavia Praha,https://cdn.sofifa.net/teams/266/30.png
SK Sturm Graz,https://cdn.sofifa.net/teams/209/30.png
SL Benfica,https://cdn.sofifa.net/teams/234/30.png
Śląsk Wrocław,https://cdn.sofifa.net/teams/111092/30.png
Sligo Rovers,https://cdn.sofifa.net/teams/563/30.png
Sociedad Deportiva Aucas,https://cdn.sofifa.net/teams/110987/30.png
SønderjyskE,https://cdn.sofifa.net/teams/1447/30.png
Southampton,https://cdn.sofifa.net/teams/17/30.png
Southend United,https://cdn.sofifa.net/teams/1954/30.png
SPAL,https://cdn.sofifa.net/teams/112791/30.png
Sparta Rotterdam,https://cdn.sofifa.net/teams/100646/30.png
Spartak Moskva,https://cdn.sofifa.net/teams/100767/30.png
Spezia,https://cdn.sofifa.net/teams/110741/30.png
Sport Boys,https://cdn.sofifa.net/teams/111016/30.png
Sport Club Corinthians Paulista,https://cdn.sofifa.net/teams/1041/30.png
Sport Huancayo,https://cdn.sofifa.net/teams/114511/30.png
Sport-Club Freiburg,https://cdn.sofifa.net/teams/25/30.png
Sportclub Verl,https://cdn.sofifa.net/teams/110501/30.png
Sporting CP,https://cdn.sofifa.net/teams/237/30.png
Sporting Kansas City,https://cdn.sofifa.net/teams/696/30.png
spusu SKN St. Pölten,https://cdn.sofifa.net/teams/112075/30.png
SpVgg Bayreuth,https://cdn.sofifa.net/teams/110194/30.png
SpVgg Greuther Fürth,https://cdn.sofifa.net/teams/165/30.png
SpVgg Unterhaching,https://cdn.sofifa.net/teams/172/30.png
SSV Jahn Regensburg,https://cdn.sofifa.net/teams/543/30.png
St. Johnstone FC,https://cdn.sofifa.net/teams/100804/30.png
St. Mirren,https://cdn.sofifa.net/teams/100805/30.png
St. Patrick's Athletic,https://cdn.sofifa.net/teams/423/30.png
Stabæk Fotball,https://cdn.sofifa.net/teams/917/30.png
Stade Brestois 29,https://cdn.sofifa.net/teams/378/30.png
Stade de Reims,https://cdn.sofifa.net/teams/379/30.png
Stade Lavallois Mayenne FC,https://cdn.sofifa.net/teams/1814/30.png
Stade Malherbe Caen,https://cdn.sofifa.net/teams/210/30.png
Stade Rennais FC,https://cdn.sofifa.net/teams/74/30.png
Standard de Liège,https://cdn.sofifa.net/teams/232/30.png
Stevenage,https://cdn.sofifa.net/teams/361/30.png
Stockport County,https://cdn.sofifa.net/teams/1931/30.png
Stoke City,https://cdn.sofifa.net/teams/1806/30.png
Strømsgodset IF,https://cdn.sofifa.net/teams/922/30.png
Südtirol,https://cdn.sofifa.net/teams/112494/30.png
Sunderland,https://cdn.sofifa.net/teams/106/30.png
Sutton United,https://cdn.sofifa.net/teams/110799/30.png
Suwon FC,https://cdn.sofifa.net/teams/112558/30.png
Suwon Samsung Bluewings,https://cdn.sofifa.net/teams/983/30.png
SV Darmstadt 98,https://cdn.sofifa.net/teams/110502/30.png
SV Elversberg,https://cdn.sofifa.net/teams/580/30.png
SV Mattersburg,https://cdn.sofifa.net/teams/1785/30.png
SV Meppen,https://cdn.sofifa.net/teams/110597/30.png
SV Ried,https://cdn.sofifa.net/teams/780/30.png
SV Sandhausen,https://cdn.sofifa.net/teams/110178/30.png
SV Waldhof Mannheim 07,https://cdn.sofifa.net/teams/110532/30.png
SV Wehen Wiesbaden,https://cdn.sofifa.net/teams/492/30.png
SV Werder Bremen,https://cdn.sofifa.net/teams/38/30.png
SV Zulte Waregem,https://cdn.sofifa.net/teams/15005/30.png
Swansea City,https://cdn.sofifa.net/teams/1960/30.png
Swindon Town,https://cdn.sofifa.net/teams/1934/30.png
Sydney FC,https://cdn.sofifa.net/teams/111400/30.png
Ternana,https://cdn.sofifa.net/teams/570/30.png
Tianjin Jinmen Tiger FC,https://cdn.sofifa.net/teams/111774/30.png
Tiburones Rojos de Veracruz,https://cdn.sofifa.net/teams/110145/30.png
Tigres U.A.N.L.,https://cdn.sofifa.net/teams/1970/30.png
Tokushima Vortis,https://cdn.sofifa.net/teams/112783/30.png
Torino F.C.,https://cdn.sofifa.net/teams/54/30.png
Toronto FC,https://cdn.sofifa.net/teams/111651/30.png
Tottenham Hotspur,https://cdn.sofifa.net/teams/18/30.png
Toulouse Football Club,https://cdn.sofifa.net/teams/1809/30.png
Tours FC,https://cdn.sofifa.net/teams/110326/30.png
Trabzonspor,https://cdn.sofifa.net/teams/436/30.png
Tranmere Rovers,https://cdn.sofifa.net/teams/15048/30.png
Trapani,https://cdn.sofifa.net/teams/112410/30.png
Tromsø IL,https://cdn.sofifa.net/teams/418/30.png
TSG Hoffenheim,https://cdn.sofifa.net/teams/10029/30.png
TSV 1860 München,https://cdn.sofifa.net/teams/33/30.png
TSV Egger Glas Hartberg,https://cdn.sofifa.net/teams/2017/30.png
TSV Havelse,https://cdn.sofifa.net/teams/110678/30.png
Türkgücü München,https://cdn.sofifa.net/teams/114398/30.png
U.C. Sampdoria,https://cdn.sofifa.net/teams/1837/30.png
U.S. Sassuolo Calcio,https://cdn.sofifa.net/teams/111974/30.png
UCD AFC,https://cdn.sofifa.net/teams/111132/30.png
UD Ibiza,https://cdn.sofifa.net/teams/113981/30.png
UD Logroñés,https://cdn.sofifa.net/teams/476/30.png
Udinese Calcio,https://cdn.sofifa.net/teams/55/30.png
Ulsan Hyundai FC,https://cdn.sofifa.net/teams/1473/30.png
Ümraniyespor,https://cdn.sofifa.net/teams/113796/30.png
Unión de Santa Fe,https://cdn.sofifa.net/teams/111716/30.png
Unión Deportiva Almería,https://cdn.sofifa.net/teams/1861/30.png
Unión Deportiva Las Palmas,https://cdn.sofifa.net/teams/472/30.png
Unión Española,https://cdn.sofifa.net/teams/110977/30.png
Unión La Calera,https://cdn.sofifa.net/teams/112535/30.png
Universidad Católica,https://cdn.sofifa.net/teams/110975/30.png
Universidad de Chile,https://cdn.sofifa.net/teams/15029/30.png
Universidad Técnica de Cajamarca,https://cdn.sofifa.net/teams/114617/30.png
Universitatea Cluj,https://cdn.sofifa.net/teams/110751/30.png
Universitatea Craiova,https://cdn.sofifa.net/teams/308/30.png
Urawa Red Diamonds,https://cdn.sofifa.net/teams/111575/30.png
Urbs Reggina 1914,https://cdn.sofifa.net/teams/203/30.png
US Boulogne Cote D'Opale,https://cdn.sofifa.net/teams/111376/30.png
US Cremonese,https://cdn.sofifa.net/teams/111434/30.png
US Créteil-Lusitanos,https://cdn.sofifa.net/teams/1812/30.png
US Orléans Loiret Football,https://cdn.sofifa.net/teams/112276/30.png
US Quevilly Rouen Métropole,https://cdn.sofifa.net/teams/112552/30.png
US Salernitana 1919,https://cdn.sofifa.net/teams/110373/30.png
USL Dunkerque,https://cdn.sofifa.net/teams/111276/30.png
Valencia CF,https://cdn.sofifa.net/teams/461/30.png
Valenciennes FC,https://cdn.sofifa.net/teams/110456/30.png
Vålerenga Fotball,https://cdn.sofifa.net/teams/920/30.png
Vancouver Whitecaps FC,https://cdn.sofifa.net/teams/101112/30.png
Varbergs BoIS FC,https://cdn.sofifa.net/teams/113743/30.png
Vegalta Sendai,https://cdn.sofifa.net/teams/112836/30.png
Vejle Boldklub,https://cdn.sofifa.net/teams/822/30.png
Vélez Sarsfield,https://cdn.sofifa.net/teams/101088/30.png
Venezia FC,https://cdn.sofifa.net/teams/205/30.png
VfB Lübeck,https://cdn.sofifa.net/teams/1829/30.png
VfB Oldenburg,https://cdn.sofifa.net/teams/110587/30.png
VfB Stuttgart,https://cdn.sofifa.net/teams/36/30.png
VfL Bochum 1848,https://cdn.sofifa.net/teams/160/30.png
VfL Osnabrück,https://cdn.sofifa.net/teams/487/30.png
VfL Wolfsburg,https://cdn.sofifa.net/teams/175/30.png
Viborg FF,https://cdn.sofifa.net/teams/1443/30.png
Viking FK,https://cdn.sofifa.net/teams/300/30.png
Viktoria Köln,https://cdn.sofifa.net/teams/110645/30.png
Viktoria Žižkov,https://cdn.sofifa.net/teams/110465/30.png
Villarreal CF,https://cdn.sofifa.net/teams/483/30.png
Villarreal Club de Fútbol B,https://cdn.sofifa.net/teams/110902/30.png
Vissel Kobe,https://cdn.sofifa.net/teams/101146/30.png
Vitesse,https://cdn.sofifa.net/teams/1909/30.png
Vitória,https://cdn.sofifa.net/teams/1719/30.png
Vitória de Guimarães,https://cdn.sofifa.net/teams/1887/30.png
Vitória de Setúbal,https://cdn.sofifa.net/teams/665/30.png
VVV-Venlo,https://cdn.sofifa.net/teams/100651/30.png
Waasland-Beveren,https://cdn.sofifa.net/teams/110913/30.png
Walsall,https://cdn.sofifa.net/teams/1803/30.png
Warta Poznań,https://cdn.sofifa.net/teams/112511/30.png
Waterford FC,https://cdn.sofifa.net/teams/753/30.png
Watford,https://cdn.sofifa.net/teams/1795/30.png
Wellington Phoenix,https://cdn.sofifa.net/teams/111766/30.png
West Bromwich Albion,https://cdn.sofifa.net/teams/109/30.png
West Ham United,https://cdn.sofifa.net/teams/19/30.png
Western Sydney Wanderers,https://cdn.sofifa.net/teams/112427/30.png
Western United FC,https://cdn.sofifa.net/teams/114023/30.png
Widzew Łódź,https://cdn.sofifa.net/teams/301/30.png
Wigan Athletic,https://cdn.sofifa.net/teams/1917/30.png
Willem II,https://cdn.sofifa.net/teams/1907/30.png
Wisła Kraków,https://cdn.sofifa.net/teams/1873/30.png
Wisła Płock,https://cdn.sofifa.net/teams/1569/30.png
Wolverhampton Wanderers,https://cdn.sofifa.net/teams/110/30.png
Wrexham AFC,https://cdn.sofifa.net/teams/1947/30.png
WSG Tirol,https://cdn.sofifa.net/teams/15040/30.png
Wuhan FC,https://cdn.sofifa.net/teams/112541/30.png
Wuhan Three Towns,https://cdn.sofifa.net/teams/116361/30.png
Wycombe Wanderers,https://cdn.sofifa.net/teams/1933/30.png
Yeni Malatyaspor,https://cdn.sofifa.net/teams/113259/30.png
Yokohama F. Marinos,https://cdn.sofifa.net/teams/101151/30.png
Yokohama FC,https://cdn.sofifa.net/teams/113197/30.png
York City,https://cdn.sofifa.net/teams/1948/30.png
Yukatel Kayserispor,https://cdn.sofifa.net/teams/101020/30.png
Zagłębie Lubin,https://cdn.sofifa.net/teams/110749/30.png
Zagłębie Sosnowiec,https://cdn.sofifa.net/teams/111089/30.png
Zamora Fútbol Club,https://cdn.sofifa.net/teams/112912/30.png
Zhejiang Professional FC,https://cdn.sofifa.net/teams/112163/30.png